Route,Dissatisfied,Neutral,Satisfied
ATL-BOS,2,33,3
ATL-CLT,1,12,1
ATL-DCA,3,28,2
ATL-DEN,5,36,2
ATL-DFW,4,37,2
ATL-DTW,2,21,1
ATL-IAH,0,13,2
ATL-JFK,1,19,9
ATL-LAS,1,36,4
ATL-LAX,1,31,2
ATL-MCO,0,43,4
ATL-MIA,5,43,3
ATL-MSP,2,21,3
ATL-ORD,0,38,5
ATL-PDX,2,8,2
ATL-PHL,3,32,1
ATL-PHX,4,12,0
ATL-PIT,1,13,3
ATL-SAN,4,10,2
ATL-SEA,8,15,1
ATL-SFO,1,20,1
ATL-STL,3,16,6
ATL-TPA,0,28,4
BOS-ATL,2,39,4
BOS-BWI,0,1,0
BOS-CLT,0,19,2
BOS-DCA,2,20,1
BOS-DEN,1,29,3
BOS-DFW,1,30,0
BOS-DTW,2,20,3
BOS-IAH,1,13,1
BOS-JFK,0,15,3
BOS-LAS,1,6,2
BOS-LAX,0,27,6
BOS-MCO,3,32,4
BOS-MIA,1,16,1
BOS-MSP,0,13,0
BOS-ORD,7,58,7
BOS-PDX,1,13,2
BOS-PHL,0,21,2
BOS-PHX,1,8,2
BOS-PIT,1,4,1
BOS-SAN,1,9,2
BOS-SEA,6,25,4
BOS-SFO,0,34,2
BOS-STL,0,11,1
BOS-TPA,5,24,1
CLT-ATL,1,12,3
CLT-BOS,3,23,1
CLT-DCA,3,15,0
CLT-DEN,2,19,3
CLT-DFW,0,24,2
CLT-DTW,2,11,1
CLT-IAH,1,12,3
CLT-JFK,0,5,2
CLT-LAS,1,4,0
CLT-LAX,2,16,2
CLT-MCO,3,17,3
CLT-MIA,3,28,7
CLT-MSP,0,14,1
CLT-ORD,1,31,2
CLT-PDX,0,8,0
CLT-PHL,3,21,3
CLT-PHX,1,14,3
CLT-PIT,1,9,1
CLT-SAN,1,4,2
CLT-SEA,1,6,0
CLT-SFO,3,7,0
CLT-STL,0,10,0
CLT-TPA,3,17,2
DCA-ATL,0,35,5
DCA-BOS,3,26,7
DCA-CLT,1,13,1
DCA-DEN,4,2,0
DCA-DFW,3,13,2
DCA-DTW,1,11,0
DCA-IAH,0,8,2
DCA-LAS,0,6,2
DCA-LAX,0,5,0
DCA-MCO,2,37,7
DCA-MIA,3,22,4
DCA-MSP,0,5,0
DCA-ORD,5,39,4
DCA-PDX,0,4,1
DCA-PHX,1,3,0
DCA-PIT,0,1,0
DCA-SAN,0,3,0
DCA-SEA,0,9,1
DCA-SFO,0,5,0
DCA-STL,1,15,1
DCA-TPA,3,12,3
DEN-ATL,2,37,3
DEN-BOS,2,27,4
DEN-CLT,1,4,0
DEN-DCA,1,4,1
DEN-DFW,2,30,6
DEN-DTW,3,16,4
DEN-IAH,1,20,4
DEN-JFK,1,6,0
DEN-LAS,4,32,5
DEN-LAX,4,37,6
DEN-MCO,5,24,8
DEN-MIA,2,10,1
DEN-MSP,4,38,2
DEN-ORD,2,22,2
DEN-PDX,8,43,5
DEN-PHL,2,26,3
DEN-PHX,3,37,7
DEN-PIT,1,7,5
DEN-SAN,5,25,1
DEN-SEA,5,49,7
DEN-SFO,2,32,5
DEN-STL,7,21,4
DEN-TPA,6,18,4
DFW-ATL,2,30,7
DFW-BOS,2,27,0
DFW-CLT,2,30,5
DFW-DCA,3,17,3
DFW-DEN,3,33,0
DFW-DTW,1,22,7
DFW-IAH,2,34,9
DFW-JFK,0,16,1
DFW-LAS,5,30,2
DFW-LAX,5,46,7
DFW-MCO,3,29,7
DFW-MIA,3,25,3
DFW-MSP,2,24,4
DFW-ORD,5,39,6
DFW-PDX,2,12,1
DFW-PHL,2,22,4
DFW-PHX,2,23,5
DFW-PIT,0,12,1
DFW-SAN,1,18,2
DFW-SEA,6,51,6
DFW-SFO,0,13,1
DFW-STL,3,10,1
DFW-TPA,1,22,0
DTW-ATL,3,26,5
DTW-BOS,1,10,2
DTW-CLT,1,22,2
DTW-DCA,0,13,2
DTW-DEN,3,12,1
DTW-DFW,2,21,4
DTW-IAH,1,10,2
DTW-JFK,0,9,2
DTW-LAS,0,14,1
DTW-LAX,2,16,0
DTW-MCO,2,22,0
DTW-MIA,2,8,1
DTW-MSP,0,8,2
DTW-ORD,2,20,9
DTW-PDX,0,1,1
DTW-PHL,0,8,1
DTW-PHX,1,11,2
DTW-PIT,0,1,0
DTW-SAN,1,10,1
DTW-SEA,0,11,2
DTW-SFO,0,17,1
DTW-STL,1,12,1
DTW-TPA,1,21,0
FLL-LAX,0,0,1
IAH-ATL,3,27,0
IAH-BOS,0,12,0
IAH-CLT,1,5,1
IAH-DCA,2,13,1
IAH-DEN,5,24,4
IAH-DFW,2,26,3
IAH-DTW,2,8,1
IAH-JFK,0,1,1
IAH-LAS,0,22,1
IAH-LAX,3,27,4
IAH-MCO,1,18,1
IAH-MIA,2,17,2
IAH-MSP,6,9,4
IAH-ORD,4,41,3
IAH-PDX,0,7,3
IAH-PHL,0,5,2
IAH-PHX,1,12,1
IAH-PIT,0,8,2
IAH-SAN,2,11,2
IAH-SEA,5,19,2
IAH-SFO,2,21,2
IAH-TPA,1,9,2
JFK-ATL,0,28,2
JFK-BOS,1,15,1
JFK-CLT,0,10,0
JFK-DCA,0,1,0
JFK-DEN,0,2,1
JFK-DFW,0,13,0
JFK-DTW,2,4,2
JFK-IAH,0,3,0
JFK-LAS,2,19,1
JFK-LAX,9,66,9
JFK-MCO,1,31,5
JFK-MIA,6,33,2
JFK-MSP,1,4,0
JFK-ORD,1,9,3
JFK-PDX,0,7,1
JFK-PHX,1,27,3
JFK-PIT,0,1,0
JFK-SAN,1,9,0
JFK-SEA,2,18,3
JFK-SFO,3,42,7
JFK-TPA,1,16,2
LAS-ATL,5,22,6
LAS-BOS,0,8,2
LAS-CLT,1,20,2
LAS-DCA,0,6,1
LAS-DEN,5,47,4
LAS-DFW,5,28,3
LAS-DTW,2,8,2
LAS-IAH,6,21,2
LAS-JFK,2,33,3
LAS-LAX,13,50,9
LAS-MCO,0,17,2
LAS-MIA,2,16,3
LAS-MSP,2,11,4
LAS-ORD,3,20,3
LAS-PDX,1,23,1
LAS-PHL,2,13,1
LAS-PHX,6,32,4
LAS-PIT,2,0,0
LAS-SAN,1,19,4
LAS-SEA,0,30,4
LAS-SFO,2,27,7
LAS-STL,2,11,2
LAS-TPA,0,5,0
LAX-ATL,1,24,4
LAX-BOS,2,36,4
LAX-CLT,1,13,5
LAX-DCA,2,10,0
LAX-DEN,9,49,5
LAX-DFW,1,34,4
LAX-DTW,3,8,1
LAX-IAH,3,26,2
LAX-JFK,11,60,4
LAX-LAS,3,40,6
LAX-MCO,2,18,3
LAX-MIA,0,11,3
LAX-MSP,1,7,3
LAX-ORD,6,55,11
LAX-PDX,0,20,3
LAX-PHL,2,15,1
LAX-PHX,1,40,9
LAX-PIT,0,2,0
LAX-SAN,2,14,5
LAX-SEA,4,40,5
LAX-SFO,7,56,9
LAX-STL,1,4,0
LAX-TPA,0,1,0
MCO-ATL,6,58,4
MCO-BOS,3,16,2
MCO-CLT,3,19,3
MCO-DCA,3,23,1
MCO-DEN,2,20,3
MCO-DFW,2,29,6
MCO-DTW,3,20,3
MCO-EWR,0,0,1
MCO-IAH,1,13,1
MCO-JFK,7,26,11
MCO-LAS,0,17,3
MCO-LAX,1,33,1
MCO-MIA,2,21,2
MCO-MSP,2,8,0
MCO-ORD,5,33,3
MCO-PDX,0,2,0
MCO-PHL,3,29,4
MCO-PHX,1,8,3
MCO-PIT,1,16,2
MCO-SAN,2,10,2
MCO-SEA,0,8,1
MCO-SFO,0,6,0
MCO-STL,4,4,0
MIA-ATL,5,28,4
MIA-BOS,2,16,0
MIA-CLT,1,17,4
MIA-DCA,0,24,5
MIA-DEN,0,9,0
MIA-DFW,1,21,3
MIA-DTW,0,10,1
MIA-IAH,2,18,1
MIA-JFK,0,26,1
MIA-LAS,0,6,1
MIA-LAX,3,20,1
MIA-MCO,1,22,0
MIA-MSP,1,5,1
MIA-ORD,2,33,3
MIA-PHL,3,14,5
MIA-PHX,1,6,1
MIA-PIT,0,10,2
MIA-SAN,2,1,1
MIA-SEA,2,8,1
MIA-SFO,1,5,0
MIA-STL,1,5,0
MIA-TPA,1,7,1
MSP-ATL,1,24,4
MSP-BOS,1,9,2
MSP-CLT,4,21,0
MSP-DCA,1,11,6
MSP-DEN,2,32,5
MSP-DFW,2,23,4
MSP-DTW,0,7,2
MSP-IAH,1,19,1
MSP-JFK,1,4,1
MSP-LAS,0,7,2
MSP-LAX,2,18,2
MSP-MCO,1,11,0
MSP-MIA,0,5,1
MSP-ORD,5,28,6
MSP-PDX,0,14,0
MSP-PHL,0,5,0
MSP-PHX,0,16,1
MSP-PIT,0,8,0
MSP-SAN,0,2,0
MSP-SEA,3,14,1
MSP-SFO,2,11,1
MSP-STL,0,14,1
MSP-TPA,2,12,4
ORD-ATL,5,30,9
ORD-BOS,1,41,2
ORD-CLT,5,23,2
ORD-DCA,5,37,5
ORD-DEN,4,42,6
ORD-DFW,4,40,6
ORD-DTW,2,17,4
ORD-IAH,3,31,2
ORD-JFK,0,5,1
ORD-LAS,0,16,6
ORD-LAX,4,40,5
ORD-MCO,1,33,2
ORD-MIA,3,26,4
ORD-MSP,3,26,7
ORD-PDX,4,27,1
ORD-PHL,2,37,2
ORD-PHX,1,28,2
ORD-PIT,2,11,2
ORD-SAN,2,21,2
ORD-SEA,0,33,3
ORD-SFO,4,32,1
ORD-STL,1,12,0
ORD-TPA,3,12,3
PDX-ATL,2,9,1
PDX-BOS,1,7,2
PDX-CLT,0,6,0
PDX-DCA,0,1,0
PDX-DEN,3,32,8
PDX-DFW,1,19,3
PDX-IAH,0,9,1
PDX-JFK,0,5,0
PDX-LAS,2,15,1
PDX-LAX,2,15,6
PDX-MCO,0,3,2
PDX-MSP,1,16,1
PDX-ORD,2,20,0
PDX-PHL,0,7,2
PDX-PHX,0,26,3
PDX-SAN,0,9,3
PDX-SEA,2,27,0
PDX-SFO,1,16,1
PHL-ATL,0,19,5
PHL-BOS,2,20,4
PHL-CLT,2,20,1
PHL-DEN,1,14,1
PHL-DFW,1,17,4
PHL-DTW,0,8,0
PHL-IAH,0,15,2
PHL-LAS,1,10,0
PHL-LAX,2,13,3
PHL-MCO,2,23,4
PHL-MIA,3,12,0
PHL-MSP,0,9,2
PHL-ORD,4,31,2
PHL-PDX,0,5,2
PHL-PHX,1,7,3
PHL-PIT,2,2,2
PHL-SAN,0,7,0
PHL-SEA,3,16,1
PHL-SFO,3,18,1
PHL-STL,1,14,1
PHL-TPA,1,13,0
PHX-ATL,2,19,0
PHX-BOS,0,9,1
PHX-CLT,1,20,2
PHX-DCA,0,6,1
PHX-DEN,8,45,4
PHX-DFW,1,31,4
PHX-DTW,1,12,1
PHX-IAH,1,13,2
PHX-JFK,4,22,1
PHX-LAS,3,28,4
PHX-LAX,0,54,6
PHX-MCO,0,13,2
PHX-MIA,2,10,0
PHX-MSP,1,6,0
PHX-ORD,4,34,7
PHX-PDX,4,18,3
PHX-PHL,0,7,0
PHX-PIT,0,2,0
PHX-SAN,3,42,4
PHX-SEA,3,35,7
PHX-SFO,3,19,6
PHX-STL,3,16,1
PHX-TPA,0,4,0
PIT-ATL,0,11,2
PIT-BOS,0,6,1
PIT-CLT,0,9,1
PIT-DCA,0,1,0
PIT-DEN,1,9,2
PIT-DFW,1,14,2
PIT-DTW,0,2,0
PIT-IAH,2,8,2
PIT-JFK,0,3,0
PIT-LAS,0,3,1
PIT-LAX,0,4,1
PIT-MCO,0,12,2
PIT-MIA,0,7,3
PIT-MSP,2,12,4
PIT-ORD,2,11,2
PIT-PHL,2,3,0
PIT-PHX,0,2,0
PIT-SAN,1,3,1
PIT-SEA,0,7,0
PIT-SFO,0,4,0
PIT-STL,1,2,0
PIT-TPA,0,1,2
SAN-ATL,3,10,0
SAN-BOS,1,12,2
SAN-CLT,3,9,3
SAN-DCA,1,6,1
SAN-DEN,4,37,6
SAN-DFW,3,31,0
SAN-DTW,0,10,2
SAN-IAH,0,2,1
SAN-JFK,0,28,1
SAN-LAS,5,17,4
SAN-LAX,1,8,1
SAN-MCO,1,6,2
SAN-MIA,0,6,1
SAN-MSP,1,5,0
SAN-ORD,3,21,4
SAN-PDX,0,7,0
SAN-PHL,2,10,2
SAN-PHX,5,45,3
SAN-PIT,0,1,0
SAN-SEA,4,22,3
SAN-SFO,2,39,4
SAN-STL,0,5,0
SAN-TPA,0,5,0
SEA-ATL,1,29,3
SEA-BOS,0,16,5
SEA-CLT,3,6,0
SEA-DCA,2,8,0
SEA-DEN,8,56,6
SEA-DFW,4,32,5
SEA-DTW,1,14,0
SEA-IAH,1,23,1
SEA-JFK,1,17,2
SEA-LAS,6,35,4
SEA-LAX,2,35,8
SEA-MCO,1,14,1
SEA-MIA,1,4,0
SEA-MSP,2,16,3
SEA-ORD,3,52,3
SEA-PDX,3,34,4
SEA-PHL,3,12,2
SEA-PHX,4,28,4
SEA-PIT,0,5,0
SEA-SAN,2,32,3
SEA-SFO,3,39,2
SEA-STL,0,10,1
SEA-TPA,0,9,1
SFO-ATL,0,6,1
SFO-BOS,3,37,10
SFO-CLT,1,12,2
SFO-DCA,1,5,1
SFO-DEN,2,26,6
SFO-DFW,5,28,3
SFO-DTW,1,16,1
SFO-IAH,3,16,4
SFO-JFK,4,39,5
SFO-LAS,5,38,6
SFO-LAX,6,71,16
SFO-MCO,0,3,1
SFO-MIA,4,14,3
SFO-MSP,2,14,3
SFO-ORD,2,40,6
SFO-PDX,0,23,3
SFO-PHL,0,16,0
SFO-PHX,2,23,4
SFO-PIT,0,4,1
SFO-SAN,1,36,7
SFO-SEA,5,37,6
SFO-STL,2,8,0
SFO-TPA,0,4,0
STL-ATL,0,23,5
STL-BOS,1,9,1
STL-CLT,1,10,3
STL-DCA,0,7,1
STL-DEN,0,23,1
STL-DFW,1,8,1
STL-DTW,1,11,0
STL-IAH,1,4,0
STL-LAS,1,14,2
STL-LAX,1,7,0
STL-MCO,0,12,2
STL-MIA,0,3,1
STL-MSP,2,13,1
STL-ORD,0,12,0
STL-PDX,0,3,0
STL-PHL,1,4,0
STL-PHX,2,10,0
STL-PIT,0,3,0
STL-SAN,1,1,0
STL-SEA,0,8,1
STL-SFO,1,3,1
STL-TPA,0,9,0
TPA-ATL,3,34,3
TPA-BOS,3,8,0
TPA-CLT,0,9,2
TPA-DCA,0,13,3
TPA-DEN,1,24,2
TPA-DFW,1,18,3
TPA-DTW,1,5,0
TPA-IAH,0,7,0
TPA-JFK,1,7,0
TPA-LAS,0,7,0
TPA-LAX,1,0,0
TPA-MIA,0,10,2
TPA-MSP,0,7,0
TPA-ORD,3,16,1
TPA-PHL,2,16,4
TPA-PHX,0,10,1
TPA-PIT,0,2,3
TPA-SAN,0,2,0
TPA-SEA,0,9,2
TPA-SFO,1,6,0
TPA-STL,0,6,0
