Origin_IATA,Dissatisfied,Neutral,Satisfied
ATL,7.78,82.97,9.25
BOS,6.24,84.4,9.36
CLT,8.68,81.14,10.17
DCA,7.92,80.35,11.73
DEN,10.07,77.93,12.0
DFW,7.62,81.02,11.36
DTW,6.25,82.34,11.41
FLL,0.0,0.0,100.0
IAH,9.86,80.28,9.86
JFK,7.19,83.06,9.74
LAS,10.37,78.09,11.54
LAX,8.47,79.64,11.89
MCO,9.7,79.66,10.65
MIA,7.71,82.71,9.57
MSP,7.24,81.4,11.37
ORD,7.8,82.01,10.19
PDX,5.8,82.59,11.6
PHL,8.06,81.39,10.56
PHX,7.79,82.3,9.91
PIT,6.98,77.91,15.12
SAN,9.26,81.24,9.5
SEA,8.03,82.83,9.13
SFO,7.49,78.9,13.61
STL,6.06,85.28,8.66
TPA,6.56,83.4,10.04
