Dest_IATA,Dissatisfied,Neutral,Satisfied
ATL,6.65,82.04,11.32
BOS,6.63,82.46,10.92
BWI,0.0,100.0,0.0
CLT,8.17,81.44,10.4
DCA,8.71,80.78,10.51
DEN,9.51,80.99,9.51
DFW,6.87,82.89,10.23
DTW,9.17,79.82,11.01
EWR,0.0,0.0,100.0
IAH,7.26,81.84,10.9
JFK,7.73,81.03,11.24
LAS,7.69,81.15,11.15
LAX,8.01,79.97,12.02
MCO,5.46,82.86,11.68
MIA,10.05,79.22,10.73
MSP,9.43,78.44,12.13
ORD,8.2,81.18,10.62
PDX,7.42,82.79,9.79
PHL,8.12,81.98,9.9
PHX,7.39,81.06,11.55
PIT,6.96,77.22,15.82
SAN,8.8,79.47,11.73
SEA,9.56,80.55,9.89
SFO,7.26,83.54,9.2
STL,12.06,80.16,7.78
TPA,9.15,81.37,9.48
