,Flight_ID,Airline_ID,Tail_Number,Flight_Number,Flight_Date,Origin_Airport_ID,Dest_Airport_ID,Sch_Dep_Time,Actual_Dep_Time,Dep_Delay_Min,Dep_Time_Block,Taxi_Out_Min,Wheels_Off_Time,Sch_Arr_Time,Actual_Arr_Time,Arr_Delay_Min,Arr_Time_Block,Wheels_On_Time,Taxi_In_Min,Carrier_Delay_Min,Weather_Delay_Min,NAS_Delay_Min,Security_Delay_Min,Late_Aircraft_Delay_Min,Sch_Elapsed_Time_Min,Actual_Elapsed_Time_Min,Air_Time_Min,Distance_Miles,Total_Ground_Time_Min,Is_Cancelled,Cancel_Code,Is_Diverted,Div_Airport_Landing,Div_Reached_Dest,Div_Arr_Delay_Min,Div_Elapsed_Time_Min,Div_Distance,Div1_Airport,Div1_Ground_Time_Min,Div2_Airport,Div2_Ground_Time_Min
count,20080,20080.0,20080,20080.0,20080,20080.0,20080.0,20080,20080,20080.0,20080,20080.0,20080,20080,20080,20080.0,20080,20080,20080.0,20080.0,20080.0,20080.0,20080.0,20080.0,20080.0,20080.0,20080.0,20080.0,20080.0,20080.0,20080,20080.0,20080.0,20080.0,20080.0,20080.0,20080.0,20080,20080.0,20080,20080.0
unique,20080,,4110,,,,,,,,20,,,,,,22,,,,,,,,,,,,,,5,,,,,,,30,,13,
top,FLT-000001,,N958XV,,,,,,,,0700-0759,,,,,,2100-2159,,,,,,,,,,,,,,N/A,,,,,,,N/A,,N/A,
freq,1,,19,,,,,,,,1808,,,,,,1327,,,,,,,,,,,,,,19580,,,,,,,20020,,20065,
mean,,19882.54203187251,,1869.7327689243027,2026-07-16 20:51:55.945219,12895.19875498008,12881.259611553785,0 days 13:29:55.822709,0 days 13:34:10.679282,21.94800796812749,,19.6402390438247,0 days 13:43:31.081673,0 days 15:04:22.018924,0 days 14:31:20.154382,15.879382470119522,,0 days 14:31:47.581673,9.965786852589641,4.5944721115537845,4.70941235059761,4.877191235059761,4.681972111553785,4.449800796812749,188.16060756972112,182.36010956175298,152.75408366533864,1132.016982071713,29.606025896414344,0.0249003984063745,,0.00298804780876494,0.0037350597609561755,0.00199203187250996,0.11518924302788845,0.38764940239043827,0.2662848605577689,,0.16922310756972112,,0.035358565737051796
min,,19393.0,,1.0,2026-07-01 00:30:00,10397.0,10397.0,0 days 01:00:00,0 days 01:00:00,-46.0,,5.0,0 days 01:00:00,0 days 01:00:00,0 days 01:00:00,-60.0,,0 days 01:00:00,4.0,0.0,0.0,0.0,0.0,0.0,45.0,29.0,20.0,30.0,9.0,0.0,,0.0,0.0,0.0,0.0,0.0,0.0,,0.0,,0.0
25%,,19790.0,,891.75,2026-07-09 08:30:00,11298.0,11298.0,0 days 08:50:00,0 days 08:45:00,-4.0,,13.0,0 days 08:58:00,0 days 10:44:00,0 days 10:05:00,-14.0,,0 days 10:03:00,5.0,0.0,0.0,0.0,0.0,0.0,104.0,97.0,68.0,627.0,22.0,0.0,,0.0,0.0,0.0,0.0,0.0,0.0,,0.0,,0.0
50%,,19805.0,,1716.0,2026-07-16 20:04:00,12982.0,12982.0,0 days 13:20:00,0 days 13:24:00,0.0,,17.0,0 days 13:32:00,0 days 15:20:00,0 days 14:51:00,0.0,,0 days 14:49:00,8.0,0.0,0.0,0.0,0.0,0.0,155.0,146.0,115.0,963.0,28.0,0.0,,0.0,0.0,0.0,0.0,0.0,0.0,,0.0,,0.0
75%,,19977.0,,2609.25,2026-07-24 11:30:00,14107.0,14100.0,0 days 17:59:00,0 days 18:20:00,25.0,,24.0,0 days 18:33:00,0 days 19:53:00,0 days 19:45:00,23.0,,0 days 19:42:00,12.0,0.0,0.0,0.0,0.0,0.0,215.25,212.0,182.0,1585.0,36.0,0.0,,0.0,0.0,0.0,0.0,0.0,0.0,,0.0,,0.0
max,,20436.0,,8800.0,2026-07-31 23:59:00,15304.0,15304.0,0 days 23:59:00,0 days 23:59:00,300.0,,45.0,0 days 23:59:00,0 days 23:59:00,0 days 23:59:00,300.0,,0 days 23:59:00,30.0,300.0,300.0,300.0,300.0,300.0,500.0,571.0,541.0,2721.0,75.0,1.0,,1.0,2.0,1.0,120.0,298.0,497.0,,90.0,,77.0
std,,263.4046593526936,,1176.2785281799825,,1480.108922148576,1479.6055263325125,0 days 05:15:04.256617,0 days 05:32:14.288598,51.67879959540305,,9.30582028049182,0 days 05:35:44.136045,0 days 05:35:48.255121,0 days 06:03:52.287602,53.734332119662234,,0 days 05:59:22.334707,6.426657929780309,18.488804384392733,18.902734807156545,19.39838095829804,18.853440466831128,18.008698806161142,119.0703629550992,120.39573653395915,119.63379795478069,659.4022915498217,11.710390141074074,0.1558254722678581,,0.05458266894322127,0.07221767598472074,0.044588818033394886,3.0692049928046172,9.192157992917165,9.49399923413583,,3.23889053028173,,1.3892520243738313
