,Satisfaction_ID,Flight_ID,Passenger_ID,Ticket_Price,Class,Travel_Type,Inflight_Wifi_Service,Departure_Arrival_Time_Convenience,Ease_of_Online_Booking,Gate_Location,Food_and_Drink,Online_Boarding,Seat_Comfort,Inflight_Entertainment,On_Board_Service,Leg_Room_Service,Baggage_Handling,Checkin_Service,Inflight_Service,Cleanliness,Actual_Satisfaction
count,11640.0,11640,11640,11640.0,11640,11640,11640.0,11640.0,11640.0,11640.0,11640.0,11640.0,11640.0,11640.0,11640.0,11640.0,11640.0,11640.0,11640.0,11640.0,11640
unique,,8864,2946,,4,2,,,,,,,,,,,,,,,3
top,,FLT-012734,P1826,,Economy,Business Travel,,,,,,,,,,,,,,,Neutral
freq,,5,12,,7219,6476,,,,,,,,,,,,,,,9452
mean,505990.37130584195,,,244.931162371134,,,2.9881443298969073,3.0142611683848797,2.9785223367697595,3.025085910652921,3.014003436426117,2.986855670103093,3.0106529209621993,3.015721649484536,3.0038659793814433,3.000429553264605,3.0051546391752577,2.9740549828178695,2.997766323024055,2.9896048109965636,
std,13460.977449641325,,,116.03741353572678,,,1.4099655110289295,1.417297455426534,1.4124089692799626,1.4097921670584221,1.4159960759147516,1.4187321223228546,1.412349610922475,1.4152497220513174,1.4285042117871836,1.4103503909048016,1.4105542397613284,1.4147652339301022,1.415669126561667,1.4140234582885487,
min,500001.0,,,55.0,,,1.0,1.0,1.0,1.0,1.0,1.0,1.0,1.0,1.0,1.0,1.0,1.0,1.0,1.0,
25%,502910.75,,,164.3675,,,2.0,2.0,2.0,2.0,2.0,2.0,2.0,2.0,2.0,2.0,2.0,2.0,2.0,2.0,
50%,505820.5,,,221.665,,,3.0,3.0,3.0,3.0,3.0,3.0,3.0,3.0,3.0,3.0,3.0,3.0,3.0,3.0,
75%,508730.25,,,299.7175,,,4.0,4.0,4.0,4.0,4.0,4.0,4.0,4.0,4.0,4.0,4.0,4.0,4.0,4.0,
max,1500457.0,,,1401.3,,,5.0,5.0,5.0,5.0,5.0,5.0,5.0,5.0,5.0,5.0,5.0,5.0,5.0,5.0,
